<?xml version="1.0" encoding="UTF-8"?>
<project-private xmlns="http://www.netbeans.org/ns/project-private/1">
    <editor-bookmarks xmlns="http://www.netbeans.org/ns/editor-bookmarks/2" lastBookmarkId="0"/>
    <open-files xmlns="http://www.netbeans.org/ns/projectui-open-files/2">
        <group>
            <file>file:/E:/Hostel%20Management%20System/src/NewStudent.java</file>
            <file>file:/E:/Hostel%20Management%20System/src/project/ConnectionProvider.java</file>
            <file>file:/E:/Hostel%20Management%20System/src/UpdateDeleteStudents.java</file>
            <file>file:/E:/Hostel%20Management%20System/src/hostel/management/system/HostelManagementSystem.java</file>
            <file>file:/E:/Hostel%20Management%20System/src/login.java</file>
            <file>file:/E:/Hostel%20Management%20System/src/ManageRoom.java</file>
            <file>file:/E:/Hostel%20Management%20System/src/AllStudentsLiving.java</file>
            <file>file:/E:/Hostel%20Management%20System/src/LeavedStudent.java</file>
            <file>file:/E:/Hostel%20Management%20System/src/StudentFees.java</file>
            <file>file:/E:/Hostel%20Management%20System/src/home.java</file>
        </group>
    </open-files>
</project-private>
